
{
    "mappings": {
        "properties": {
            "content": {
                "type": "text",
                "fields": {
                    "keyword": {
                        "type": "keyword",
                        "ignore_above": 256
                    }
                }
            },
            "url": {
                "type": "text",
                "fields": {
                    "keyword": {
                        "type": "keyword",
                        "ignore_above": 256
                    }
                }
            }
        }
    }
}